"Refs","Value","Footprint","Description","Qty"
"C1,C2,C5,C6","1uF","EAS:C_1206_tight","U1 input, X7R 50 V,U1 output, X7R 50 V,U2 input, X7R 50 V,U2 output, X7R 50 V","4"
"C3,C4","10uF","EAS:C_1206_tight","U1 input bulk, X7R,U2 input bulk, X7R","2"
"C7,C8","220uF","EAS:CP_Elec_5x5.9_tight","Rail A bulk, 6.3 V polymer, SMD V-chip D5,Rail B bulk, 6.3 V polymer, SMD V-chip D5","2"
"C9-C14","10nF","EAS:C_1206_tight","Motor 1 suppression, across motor,Motor 2 suppression, across motor,Motor 3 suppression, across motor,Motor 4 suppression, across motor,Motor 5 suppression, across motor,Motor 6 suppression, across motor","6"
"C15-C20","100nF","EAS:C_1206_tight","Channel 1 local rail decoupling (DEC-001),Channel 2 local rail decoupling (DEC-001),Channel 3 local rail decoupling (DEC-001),Channel 4 local rail decoupling (DEC-001),Channel 5 local rail decoupling (DEC-001),Channel 6 local rail decoupling (DEC-001)","6"
"D1-D6","1N5819W","EAS:D_SOD-123_tight","Flyback, motor 1,Flyback, motor 2,Flyback, motor 3,Flyback, motor 4,Flyback, motor 5,Flyback, motor 6","6"
"J1","SWITCHED_SYSTEM+","EAS:WirePad_3.0x2.5mm","SMD wire solder pad (no hole)","1"
"J2","GND","EAS:WirePad_3.0x2.5mm","SMD wire solder pad (no hole)","1"
"J3","ESP_SW_BAT+","EAS:WirePad_2.0x2.0mm","SMD wire solder pad (no hole)","1"
"J4","ESP_GND","EAS:WirePad_2.0x2.0mm","SMD wire solder pad (no hole)","1"
"J5","PWM1","EAS:WirePad_2.0x2.0mm","SMD wire solder pad (no hole)","1"
"J6","PWM2","EAS:WirePad_2.0x2.0mm","SMD wire solder pad (no hole)","1"
"J7","PWM3","EAS:WirePad_2.0x2.0mm","SMD wire solder pad (no hole)","1"
"J8","PWM4","EAS:WirePad_2.0x2.0mm","SMD wire solder pad (no hole)","1"
"J9","PWM5","EAS:WirePad_2.0x2.0mm","SMD wire solder pad (no hole)","1"
"J10","PWM6","EAS:WirePad_2.0x2.0mm","SMD wire solder pad (no hole)","1"
"J11","MOTOR_A+","EAS:WirePad_2.5x7.0mm","SMD wire solder pad (no hole)","1"
"J12","M1-","EAS:WirePad_2.5x2.5mm","SMD wire solder pad (no hole)","1"
"J13","M2-","EAS:WirePad_2.5x2.5mm","SMD wire solder pad (no hole)","1"
"J14","M3-","EAS:WirePad_2.5x2.5mm","SMD wire solder pad (no hole)","1"
"J15","MOTOR_B+","EAS:WirePad_2.5x7.0mm","SMD wire solder pad (no hole)","1"
"J16","M4-","EAS:WirePad_2.5x2.5mm","SMD wire solder pad (no hole)","1"
"J17","M5-","EAS:WirePad_2.5x2.5mm","SMD wire solder pad (no hole)","1"
"J18","M6-","EAS:WirePad_2.5x2.5mm","SMD wire solder pad (no hole)","1"
"Q1-Q6","IRLML6344","EAS:SOT-23_tight","Low-side switch, motor 1,Low-side switch, motor 2,Low-side switch, motor 3,Low-side switch, motor 4,Low-side switch, motor 5,Low-side switch, motor 6","6"
"R1-R6","100","EAS:R_1206_tight","Gate series, channel 1,Gate series, channel 2,Gate series, channel 3,Gate series, channel 4,Gate series, channel 5,Gate series, channel 6","6"
"R7-R12","100k","EAS:R_1206_tight","Gate pulldown, channel 1,Gate pulldown, channel 2,Gate pulldown, channel 3,Gate pulldown, channel 4,Gate pulldown, channel 5,Gate pulldown, channel 6","6"
"U1,U2","HT7833","EAS:SOT-89-3_0.4mm_tight","3.3 V LDO, rail A (M1-M3),3.3 V LDO, rail B (M4-M6)","2"
